{
  "true_coefficients": [
    19.2803078830554,
    -11.566201166994228,
    -3.906500413471021,
    4.0080408945820505,
    -8.744902272496143,
    -10.608890183163602,
    -0.9770688613685853,
    -6.913475497669385,
    -22.376186722182037,
    -1.6557577261137777
  ],
  "lambda": 0.01
}