{
  "true_coefficients": [
    -12.170299968886138,
    -8.330480138787006,
    -15.999239156461133,
    -7.213590971316356,
    -4.575339239909935,
    -11.95857628752588,
    -16.49997361563753,
    15.508751562308582,
    2.8879483219829174,
    12.178594563989261,
    5.441845694621619,
    -0.7308284535349069
  ],
  "lambda": 0.01
}